<?xml version="1.0" encoding="UTF-8"?>
<distributionPackage environmentId="@{environmentId}"@if{frameworkStartLevel != null} frameworkStartLevel="@{frameworkStartLevel}"@end{}@if{bundleStartLevel != null} bundleStartLevel="@{bundleStartLevel}"@end{}
  xmlns="http://everit.org/eosgi/dist/definition/4.0.0" xmlns:xsi="http://www.w3.org/2001/XMLSchema-instance">

  <artifacts>
    <!-- Package special artifacts -->@code{mainJar = "org.eclipse.osgi_3.10.100.v20150529-1857.jar"}@code{mainClass = "org.eclipse.core.runtime.adaptor.EclipseStarter"}
    <artifact targetFile="@{mainJar}">
      <groupId>org.eclipse.tycho</groupId>
      <artifactId>org.eclipse.osgi</artifactId>
      <version>3.10.100.v20150529-1857</version>
    </artifact>
    <!-- Artifacts of YAJSW -->
    <artifact targetFolder="wrapper" targetFile="wrapper.jar">
      <groupId>org.rzo.yajsw</groupId>
      <artifactId>wrapper</artifactId>
      <version>11.11</version>
    </artifact>
    <artifact targetFolder="wrapper" targetFile="wrapperApp.jar">
      <groupId>org.rzo.yajsw</groupId>
      <artifactId>wrapperApp</artifactId>
      <version>11.11</version>
    </artifact>
    <artifact targetFolder="wrapper/lib/core/commons" targetFile="commons-cli-2-SNAPSHOT.jar">
      <groupId>org.apache.mahout.commons</groupId>
      <artifactId>commons-cli</artifactId>
      <version>2.0-mahout</version>
    </artifact>
    <artifact targetFolder="wrapper/lib/core/commons">
      <groupId>commons-collections</groupId>
      <artifactId>commons-collections</artifactId>
      <version>3.2</version>
    </artifact>
    <artifact targetFolder="wrapper/lib/core/commons">
      <groupId>commons-configuration</groupId>
      <artifactId>commons-configuration</artifactId>
      <version>1.8</version>
    </artifact>
    <artifact targetFolder="wrapper/lib/core/commons">
      <groupId>commons-io</groupId>
      <artifactId>commons-io</artifactId>
      <version>1.3.1</version>
    </artifact>
    <artifact targetFolder="wrapper/lib/core/commons">
      <groupId>commons-lang</groupId>
      <artifactId>commons-lang</artifactId>
      <version>2.4</version>
    </artifact>
    <artifact targetFolder="wrapper/lib/core/commons">
      <groupId>commons-logging</groupId>
      <artifactId>commons-logging</artifactId>
      <version>1.1</version>
    </artifact>
    <artifact targetFolder="wrapper/lib/core/commons">
      <groupId>org.apache.commons</groupId>
      <artifactId>commons-vfs2</artifactId>
      <version>2.0</version>
    </artifact>
    <artifact targetFolder="wrapper/lib/core/groovy">
      <groupId>org.codehaus.groovy</groupId>
      <artifactId>groovy-all</artifactId>
      <version>1.8.6</version>
    </artifact>
    <artifact targetFolder="wrapper/lib/core/jna" targetFile="jna-3.4.1.jar">
      <groupId>net.java.dev.jna</groupId>
      <artifactId>jna</artifactId>
      <version>3.4.0</version>
    </artifact>
    <artifact targetFolder="wrapper/lib/core/jna" targetFile="platform-3.4.1.jar">
      <groupId>net.java.dev.jna</groupId>
      <artifactId>platform</artifactId>
      <version>3.4.0</version>
    </artifact>
    <artifact targetFolder="wrapper/lib/core/netty">
      <groupId>io.netty</groupId>
      <artifactId>netty</artifactId>
      <version>3.6.6.Final</version>
    </artifact>
    <artifact targetFolder="wrapper/lib/core/regex">
      <groupId>jrexx</groupId>
      <artifactId>jrexx</artifactId>
      <version>1.1.1</version>
    </artifact>
    <artifact targetFolder="wrapper/lib/core/yajsw" targetFile="ahessian.jar">
      <groupId>org.rzo.yajsw</groupId>
      <artifactId>ahessian</artifactId>
      <version>11.11</version>
    </artifact>
    <artifact targetFolder="wrapper/lib/extended/abeille" targetFile="formsrt.jar">
      <groupId>net.java.abeille</groupId>
      <artifactId>abeille</artifactId>
      <version>3.0</version>
    </artifact>
    <artifact targetFolder="wrapper/lib/extended/commons">
      <groupId>commons-codec</groupId>
      <artifactId>commons-codec</artifactId>
      <version>1.3</version>
    </artifact>
    <artifact targetFolder="wrapper/lib/extended/commons">
      <groupId>commons-httpclient</groupId>
      <artifactId>commons-httpclient</artifactId>
      <version>3.0.1</version>
    </artifact>
    <artifact targetFolder="wrapper/lib/extended/commons">
      <groupId>commons-net</groupId>
      <artifactId>commons-net</artifactId>
      <version>1.4.1</version>
    </artifact>
    <artifact targetFolder="wrapper/lib/extended/glazedlists">
      <groupId>commons-beanutils</groupId>
      <artifactId>commons-beanutils</artifactId>
      <version>1.8.2</version>
    </artifact>
    <artifact targetFolder="wrapper/lib/extended/glazedlists" targetFile="glazedlists-1.8.0_java15.jar">
      <groupId>net.java.dev.glazedlists</groupId>
      <artifactId>glazedlists_java15</artifactId>
      <version>1.8.0</version>
    </artifact>
    <artifact targetFolder="wrapper/lib/extended/jgoodies">
      <groupId>com.jgoodies</groupId>
      <artifactId>forms</artifactId>
      <version>1.2.0</version>
    </artifact>
    <artifact targetFolder="wrapper/lib/extended/quartz">
      <groupId>org.quartz-scheduler</groupId>
      <artifactId>quartz</artifactId>
      <version>1.8.0</version>
    </artifact>
    <artifact targetFolder="wrapper/lib/extended/velocity">
      <groupId>org.apache.velocity</groupId>
      <artifactId>velocity</artifactId>
      <version>1.7</version>
    </artifact>
    <artifact targetFolder="wrapper/lib/extended/vfs-webdav" targetFile="jackrabbit-webdav-1.5.6.jar">
      <groupId>org.apache.jackrabbit</groupId>
      <artifactId>jackrabbit-webdav</artifactId>
      <version>1.6.0</version>
    </artifact>
    <artifact targetFolder="wrapper/lib/extended/vfs-webdav">
      <groupId>org.slf4j</groupId>
      <artifactId>slf4j-api</artifactId>
      <version>1.5.0</version>
    </artifact>
    <artifact targetFolder="wrapper/lib/extended/vfs-webdav">
      <groupId>org.slf4j</groupId>
      <artifactId>slf4j-jdk14</artifactId>
      <version>1.5.0</version>
    </artifact>
    <artifact targetFolder="wrapper/lib/extended/vfs-webdav" targetFile="xercesImpl.jar">
      <groupId>xerces</groupId>
      <artifactId>xercesImpl</artifactId>
      <version>2.9.1</version>
    </artifact>
    <artifact targetFolder="wrapper/lib/extended/yajsw" targetFile="hessian4.jar">
      <groupId>org.rzo.yajsw</groupId>
      <artifactId>hessian4</artifactId>
      <version>11.11</version>
    </artifact>
    <artifact targetFolder="wrapper/lib/extended/yajsw" targetFile="srvmgr.jar">
      <groupId>org.rzo.yajsw</groupId>
      <artifactId>srvmgr</artifactId>
      <version>11.11</version>
    </artifact>
    <artifact targetFolder="wrapper/lib/groovy/joda">
      <groupId>joda-time</groupId>
      <artifactId>joda-time</artifactId>
      <version>1.6</version>
    </artifact>
    <artifact targetFolder="wrapper/lib/groovy/mail" targetFile="mail.jar">
      <groupId>javax.mail</groupId>
      <artifactId>mail</artifactId>
      <version>1.4.1</version>
    </artifact>
    <artifact targetFolder="wrapper/lib/groovy/mail" targetFile="activation.jar">
      <groupId>javax.activation</groupId>
      <artifactId>activation</artifactId >
      <version>1.1.1</version>
    </artifact>
    <artifact targetFolder="wrapper/lib/groovy/snmp" targetFile="SNMP4J.jar">
      <groupId>org.snmp4j</groupId>
      <artifactId>snmp4j</artifactId>
      <version>1.10.1</version>
    </artifact>
      
    <!-- OSGi bundle artifacts -->@foreach{artifact : distributableArtifacts}@if{artifact.bundle != null}    
    <artifact targetFolder="lib">
      <groupId>@{artifact.artifact.groupId}</groupId>
      <artifactId>@{artifact.artifact.artifactId}</artifactId>
      <version>@{artifact.artifact.version}</version>
      @if{artifact.artifact.type != null && !artifact.artifact.type.trim().isEmpty()}<type>@{artifact.artifact.type}</type>@end{}
      @if{artifact.artifact.hasClassifier()}<classifier>@{artifact.artifact.classifier}</classifier>@end{}<bundle action="@if{(artifact.bundle.fragmentHost != null) && (artifact.bundle.fragmentHost.trim().isEmpty())}install@else{}start@end{}"@if{artifact.bundle.startLevel != null} startLevel="@{artifact.bundle.startLevel}"@end{}>
        <symbolicName>@{artifact.bundle.symbolicName}</symbolicName>
        <version>@{artifact.bundle.version}</version>
        <location>reference:file:lib/@{artifact.artifact.file.name}</location>
      </bundle>
    </artifact>@end{}@end{}
  </artifacts>
  <parsables>
    <parsable path="configuration/config.ini" encoding="UTF8" />
    <parsable path="configuration/wrapper.conf" encoding="UTF8" />
  </parsables>
  <environmentConfiguration>
    <mainJar>@{mainJar}</mainJar>
    <mainClass>@{mainClass}</mainClass>
    <classPath></classPath>@if{launchConfig.systemProperties != null}
    <launchConfig>
      <systemProperties>@foreach{systemProperty : launchConfig.systemProperties.entrySet()}
        <@{systemProperty.key}>@if{systemProperty.value != null}@{systemProperty.value}@end{}</@{systemProperty.key}>@end{}
      </systemProperties>@end{}@if{launchConfig.vmArguments != null}
      <vmArguments>@foreach{vmArgument : launchConfig.vmArguments.entrySet()}
        <@{vmArgument.key}>@if{vmArgument.value != null}@{vmArgument.value}@end{}</@{vmArgument.key}>@end{}
      </vmArguments>@end{}@if{launchConfig.programArguments != null}
      <programArguments>@foreach{programArgument : launchConfig.programArguments.entrySet()}
        <@{programArgument.key}>@if{programArgument.value != null}@{programArgument.value}@end{}</@{programArgument.key}>@end{}
      </programArguments>@end{}@if{launchConfig.overrides != null}
      <overrides>@foreach{override : launchConfig.overrides}
        <override>
          <useBy>@{override.useBy}</useBy>@if{override.systemProperties != null}
          <systemProperties>@foreach{systemProperty : override.systemProperties.entrySet()}
            <@{systemProperty.key}>@if{systemProperty.value != null}@{systemProperty.value}@end{}</@{systemProperty.key}>@end{}
          </systemProperties>@end{}@if{override.vmArguments != null}
          <vmArguments>@foreach{vmArgument : override.vmArguments.entrySet()}
            <@{vmArgument.key}>@if{vmArgument.value != null}@{vmArgument.value}@end{}</@{vmArgument.key}>@end{}
          </vmArguments>@end{}@if{override.programArguments != null}
          <programArguments>@foreach{programArgument : override.programArguments.entrySet()}
            <@{programArgument.key}>@if{programArgument.value != null}@{programArgument.value}@end{}</@{programArgument.key}>@end{}
          </programArguments>@end{}
        </override>@end{}
      </overrides>@end{}
    </launchConfig>
  </environmentConfiguration>
</distributionPackage>